ID,Patient Age,Patient Sex,Right-Fundus
2,42,Male,2_right.jpg
3,66,Male,3_right.jpg
4,53,Male,4_right.jpg
5,50,Female,5_right.jpg
6,60,Male,6_right.jpg
7,60,Female,7_right.jpg
9,54,Male,9_right.jpg
11,60,Female,11_right.jpg
12,65,Male,12_right.jpg
13,60,Female,13_right.jpg
14,55,Male,14_right.jpg
15,50,Male,15_right.jpg
16,54,Female,16_right.jpg
17,57,Male,17_right.jpg
18,58,Male,18_right.jpg
19,45,Male,19_right.jpg
21,76,Female,21_right.jpg
22,55,Female,22_right.jpg
23,47,Male,23_right.jpg
24,75,Female,24_right.jpg
25,63,Male,25_right.jpg
27,33,Male,27_right.jpg
28,63,Female,28_right.jpg
30,66,Female,30_right.jpg
32,64,Female,32_right.jpg
33,60,Female,33_right.jpg
34,61,Male,34_right.jpg
39,74,Male,39_right.jpg
40,62,Female,40_right.jpg
41,58,Male,41_right.jpg
42,89,Male,42_right.jpg
43,35,Male,43_right.jpg
44,55,Female,44_right.jpg
45,54,Male,45_right.jpg
46,66,Male,46_right.jpg
48,69,Female,48_right.jpg
50,59,Female,50_right.jpg
51,60,Male,51_right.jpg
52,67,Male,52_right.jpg
53,65,Female,53_right.jpg
54,66,Female,54_right.jpg
55,62,Male,55_right.jpg
56,63,Female,56_right.jpg
58,74,Male,58_right.jpg
59,62,Female,59_right.jpg
60,54,Female,60_right.jpg
62,50,Male,62_right.jpg
63,76,Male,63_right.jpg
64,80,Male,64_right.jpg
67,56,Male,67_right.jpg
68,72,Female,68_right.jpg
69,43,Male,69_right.jpg
71,56,Female,71_right.jpg
72,78,Female,72_right.jpg
75,68,Male,75_right.jpg
76,70,Male,76_right.jpg
77,67,Male,77_right.jpg
79,72,Female,79_right.jpg
80,50,Female,80_right.jpg
81,66,Male,81_right.jpg
82,33,Male,82_right.jpg
83,61,Female,83_right.jpg
85,67,Female,85_right.jpg
86,56,Female,86_right.jpg
87,41,Female,87_right.jpg
88,71,Female,88_right.jpg
89,60,Female,89_right.jpg
90,53,Female,90_right.jpg
91,28,Male,91_right.jpg
92,53,Male,92_right.jpg
93,70,Male,93_right.jpg
94,55,Male,94_right.jpg
95,46,Male,95_right.jpg
96,56,Female,96_right.jpg
97,64,Female,97_right.jpg
101,45,Female,101_right.jpg
102,73,Female,102_right.jpg
104,63,Male,104_right.jpg
106,57,Female,106_right.jpg
107,68,Female,107_right.jpg
109,67,Male,109_right.jpg
111,64,Male,111_right.jpg
112,57,Female,112_right.jpg
113,67,Female,113_right.jpg
116,61,Male,116_right.jpg
117,65,Female,117_right.jpg
118,48,Male,118_right.jpg
119,59,Male,119_right.jpg
120,43,Male,120_right.jpg
123,72,Female,123_right.jpg
124,68,Female,124_right.jpg
126,66,Male,126_right.jpg
127,52,Male,127_right.jpg
128,67,Male,128_right.jpg
130,66,Female,130_right.jpg
131,64,Female,131_right.jpg
132,63,Female,132_right.jpg
133,59,Female,133_right.jpg
134,56,Male,134_right.jpg
135,41,Male,135_right.jpg
136,75,Female,136_right.jpg
137,44,Male,137_right.jpg
138,59,Female,138_right.jpg
139,41,Male,139_right.jpg
140,44,Male,140_right.jpg
142,72,Female,142_right.jpg
143,54,Male,143_right.jpg
145,50,Male,145_right.jpg
146,57,Female,146_right.jpg
147,46,Male,147_right.jpg
148,70,Female,148_right.jpg
149,57,Female,149_right.jpg
151,48,Male,151_right.jpg
152,55,Male,152_right.jpg
153,79,Male,153_right.jpg
155,40,Male,155_right.jpg
156,82,Female,156_right.jpg
157,65,Female,157_right.jpg
158,61,Male,158_right.jpg
160,40,Female,160_right.jpg
161,49,Male,161_right.jpg
162,76,Female,162_right.jpg
163,61,Female,163_right.jpg
164,62,Female,164_right.jpg
166,65,Female,166_right.jpg
167,71,Male,167_right.jpg
168,66,Male,168_right.jpg
169,64,Female,169_right.jpg
171,57,Female,171_right.jpg
173,87,Male,173_right.jpg
175,56,Female,175_right.jpg
176,65,Female,176_right.jpg
177,56,Female,177_right.jpg
178,54,Male,178_right.jpg
179,65,Female,179_right.jpg
181,64,Male,181_right.jpg
184,69,Male,184_right.jpg
185,63,Female,185_right.jpg
186,45,Male,186_right.jpg
187,56,Female,187_right.jpg
188,55,Female,188_right.jpg
189,62,Male,189_right.jpg
190,51,Male,190_right.jpg
192,66,Female,192_right.jpg
193,53,Male,193_right.jpg
194,57,Male,194_right.jpg
195,73,Female,195_right.jpg
199,50,Female,199_right.jpg
201,62,Male,201_right.jpg
202,63,Female,202_right.jpg
204,54,Male,204_right.jpg
206,67,Female,206_right.jpg
207,51,Male,207_right.jpg
209,67,Male,209_right.jpg
210,70,Male,210_right.jpg
211,60,Male,211_right.jpg
212,67,Female,212_right.jpg
213,44,Female,213_right.jpg
214,70,Male,214_right.jpg
216,68,Male,216_right.jpg
217,69,Female,217_right.jpg
218,36,Female,218_right.jpg
220,60,Male,220_right.jpg
221,60,Male,221_right.jpg
222,68,Female,222_right.jpg
223,56,Female,223_right.jpg
224,54,Female,224_right.jpg
225,70,Female,225_right.jpg
226,50,Male,226_right.jpg
227,58,Female,227_right.jpg
228,54,Male,228_right.jpg
229,63,Female,229_right.jpg
230,56,Female,230_right.jpg
231,60,Female,231_right.jpg
232,47,Female,232_right.jpg
233,56,Male,233_right.jpg
234,54,Male,234_right.jpg
235,67,Male,235_right.jpg
237,55,Female,237_right.jpg
238,70,Male,238_right.jpg
239,62,Male,239_right.jpg
240,35,Male,240_right.jpg
241,58,Male,241_right.jpg
243,67,Male,243_right.jpg
245,65,Male,245_right.jpg
246,70,Female,246_right.jpg
247,49,Male,247_right.jpg
249,64,Male,249_right.jpg
250,60,Male,250_right.jpg
251,62,Female,251_right.jpg
252,77,Female,252_right.jpg
254,60,Female,254_right.jpg
255,75,Female,255_right.jpg
256,62,Male,256_right.jpg
257,57,Male,257_right.jpg
258,58,Female,258_right.jpg
259,50,Female,259_right.jpg
260,63,Female,260_right.jpg
261,71,Female,261_right.jpg
262,65,Female,262_right.jpg
263,52,Female,263_right.jpg
265,81,Male,265_right.jpg
266,67,Male,266_right.jpg
268,49,Female,268_right.jpg
269,73,Female,269_right.jpg
270,64,Male,270_right.jpg
272,59,Male,272_right.jpg
273,57,Male,273_right.jpg
274,53,Male,274_right.jpg
275,61,Female,275_right.jpg
277,75,Male,277_right.jpg
278,73,Female,278_right.jpg
280,54,Male,280_right.jpg
281,68,Female,281_right.jpg
283,66,Female,283_right.jpg
284,82,Male,284_right.jpg
285,62,Male,285_right.jpg
286,73,Female,286_right.jpg
288,57,Female,288_right.jpg
289,57,Male,289_right.jpg
290,55,Female,290_right.jpg
291,67,Male,291_right.jpg
292,55,Male,292_right.jpg
295,45,Male,295_right.jpg
296,57,Female,296_right.jpg
297,71,Male,297_right.jpg
299,65,Female,299_right.jpg
300,55,Male,300_right.jpg
301,55,Male,301_right.jpg
302,67,Female,302_right.jpg
303,47,Female,303_right.jpg
304,59,Female,304_right.jpg
305,55,Male,305_right.jpg
306,62,Female,306_right.jpg
307,61,Male,307_right.jpg
308,73,Male,308_right.jpg
309,52,Female,309_right.jpg
310,33,Male,310_right.jpg
311,65,Male,311_right.jpg
312,74,Male,312_right.jpg
313,82,Male,313_right.jpg
314,62,Female,314_right.jpg
315,57,Female,315_right.jpg
316,51,Male,316_right.jpg
317,24,Female,317_right.jpg
318,68,Female,318_right.jpg
319,58,Female,319_right.jpg
320,58,Female,320_right.jpg
321,54,Female,321_right.jpg
322,40,Female,322_right.jpg
323,65,Male,323_right.jpg
324,55,Male,324_right.jpg
326,55,Male,326_right.jpg
327,53,Male,327_right.jpg
328,65,Female,328_right.jpg
331,56,Male,331_right.jpg
332,57,Female,332_right.jpg
333,45,Male,333_right.jpg
334,74,Female,334_right.jpg
335,50,Female,335_right.jpg
338,61,Female,338_right.jpg
339,63,Female,339_right.jpg
341,66,Female,341_right.jpg
342,68,Female,342_right.jpg
343,66,Male,343_right.jpg
344,70,Female,344_right.jpg
345,64,Female,345_right.jpg
346,54,Male,346_right.jpg
347,67,Female,347_right.jpg
348,66,Female,348_right.jpg
349,72,Male,349_right.jpg
352,70,Male,352_right.jpg
353,55,Female,353_right.jpg
354,65,Male,354_right.jpg
355,55,Male,355_right.jpg
356,54,Female,356_right.jpg
357,66,Male,357_right.jpg
358,47,Male,358_right.jpg
359,54,Male,359_right.jpg
360,59,Female,360_right.jpg
361,59,Male,361_right.jpg
362,62,Male,362_right.jpg
365,60,Female,365_right.jpg
367,53,Male,367_right.jpg
368,64,Male,368_right.jpg
369,60,Male,369_right.jpg
371,58,Male,371_right.jpg
372,52,Female,372_right.jpg
373,60,Female,373_right.jpg
374,44,Male,374_right.jpg
375,64,Male,375_right.jpg
376,58,Female,376_right.jpg
377,48,Male,377_right.jpg
378,54,Male,378_right.jpg
380,57,Male,380_right.jpg
382,62,Female,382_right.jpg
383,59,Female,383_right.jpg
384,59,Male,384_right.jpg
385,58,Male,385_right.jpg
386,70,Male,386_right.jpg
387,74,Male,387_right.jpg
388,72,Male,388_right.jpg
390,59,Female,390_right.jpg
391,56,Male,391_right.jpg
392,57,Male,392_right.jpg
393,75,Male,393_right.jpg
396,55,Male,396_right.jpg
397,44,Male,397_right.jpg
398,59,Female,398_right.jpg
400,64,Male,400_right.jpg
401,60,Female,401_right.jpg
402,46,Male,402_right.jpg
404,63,Male,404_right.jpg
405,61,Male,405_right.jpg
406,61,Female,406_right.jpg
407,52,Male,407_right.jpg
410,53,Female,410_right.jpg
411,57,Male,411_right.jpg
412,60,Female,412_right.jpg
413,62,Male,413_right.jpg
414,64,Female,414_right.jpg
415,62,Male,415_right.jpg
416,60,Female,416_right.jpg
419,57,Male,419_right.jpg
420,63,Female,420_right.jpg
421,42,Male,421_right.jpg
423,70,Female,423_right.jpg
424,56,Male,424_right.jpg
425,81,Female,425_right.jpg
426,56,Male,426_right.jpg
428,65,Female,428_right.jpg
429,54,Female,429_right.jpg
430,72,Female,430_right.jpg
431,53,Male,431_right.jpg
432,42,Male,432_right.jpg
434,70,Female,434_right.jpg
435,68,Male,435_right.jpg
437,53,Female,437_right.jpg
439,79,Male,439_right.jpg
440,51,Female,440_right.jpg
441,48,Male,441_right.jpg
442,56,Male,442_right.jpg
445,59,Male,445_right.jpg
446,54,Female,446_right.jpg
447,56,Male,447_right.jpg
448,68,Male,448_right.jpg
449,29,Male,449_right.jpg
450,49,Female,450_right.jpg
451,56,Male,451_right.jpg
452,54,Female,452_right.jpg
453,64,Female,453_right.jpg
454,60,Male,454_right.jpg
455,67,Male,455_right.jpg
457,64,Female,457_right.jpg
459,59,Female,459_right.jpg
461,62,Female,461_right.jpg
462,60,Female,462_right.jpg
465,58,Female,465_right.jpg
466,62,Male,466_right.jpg
467,70,Female,467_right.jpg
468,60,Female,468_right.jpg
469,69,Female,469_right.jpg
471,43,Female,471_right.jpg
473,55,Male,473_right.jpg
474,55,Female,474_right.jpg
475,58,Female,475_right.jpg
476,61,Female,476_right.jpg
477,65,Female,477_right.jpg
479,72,Female,479_right.jpg
480,67,Female,480_right.jpg
484,54,Male,484_right.jpg
485,80,Male,485_right.jpg
487,60,Male,487_right.jpg
488,54,Male,488_right.jpg
489,47,Female,489_right.jpg
490,69,Male,490_right.jpg
491,63,Male,491_right.jpg
492,49,Male,492_right.jpg
493,68,Female,493_right.jpg
494,49,Female,494_right.jpg
495,62,Female,495_right.jpg
496,66,Female,496_right.jpg
497,53,Male,497_right.jpg
498,43,Male,498_right.jpg
499,62,Female,499_right.jpg
502,42,Male,502_right.jpg
504,78,Female,504_right.jpg
505,56,Male,505_right.jpg
506,73,Male,506_right.jpg
507,57,Female,507_right.jpg
509,43,Female,509_right.jpg
510,65,Female,510_right.jpg
511,68,Female,511_right.jpg
513,55,Female,513_right.jpg
514,67,Male,514_right.jpg
515,54,Female,515_right.jpg
516,42,Male,516_right.jpg
517,66,Male,517_right.jpg
518,67,Male,518_right.jpg
519,54,Male,519_right.jpg
520,63,Female,520_right.jpg
521,73,Female,521_right.jpg
522,62,Female,522_right.jpg
523,61,Female,523_right.jpg
524,44,Male,524_right.jpg
525,77,Female,525_right.jpg
526,73,Female,526_right.jpg
528,58,Female,528_right.jpg
529,63,Male,529_right.jpg
531,60,Female,531_right.jpg
532,64,Female,532_right.jpg
533,69,Male,533_right.jpg
535,47,Male,535_right.jpg
536,50,Male,536_right.jpg
537,61,Female,537_right.jpg
538,62,Female,538_right.jpg
539,32,Male,539_right.jpg
540,82,Male,540_right.jpg
541,56,Male,541_right.jpg
542,64,Male,542_right.jpg
543,48,Male,543_right.jpg
544,57,Male,544_right.jpg
546,30,Male,546_right.jpg
547,69,Male,547_right.jpg
550,55,Male,550_right.jpg
551,57,Female,551_right.jpg
553,69,Female,553_right.jpg
554,33,Male,554_right.jpg
556,67,Male,556_right.jpg
557,45,Male,557_right.jpg
558,52,Male,558_right.jpg
559,48,Male,559_right.jpg
560,74,Male,560_right.jpg
561,59,Female,561_right.jpg
562,73,Male,562_right.jpg
563,62,Female,563_right.jpg
564,53,Female,564_right.jpg
565,59,Female,565_right.jpg
566,60,Male,566_right.jpg
567,60,Male,567_right.jpg
568,55,Female,568_right.jpg
569,64,Male,569_right.jpg
570,65,Female,570_right.jpg
571,52,Female,571_right.jpg
572,74,Female,572_right.jpg
573,53,Female,573_right.jpg
574,52,Male,574_right.jpg
575,65,Male,575_right.jpg
576,62,Female,576_right.jpg
577,60,Female,577_right.jpg
578,42,Male,578_right.jpg
579,70,Male,579_right.jpg
580,64,Female,580_right.jpg
581,83,Male,581_right.jpg
582,48,Male,582_right.jpg
583,54,Male,583_right.jpg
585,70,Male,585_right.jpg
586,64,Female,586_right.jpg
588,65,Female,588_right.jpg
589,67,Male,589_right.jpg
590,57,Male,590_right.jpg
591,62,Male,591_right.jpg
592,61,Male,592_right.jpg
593,69,Female,593_right.jpg
594,70,Female,594_right.jpg
595,46,Female,595_right.jpg
596,52,Male,596_right.jpg
597,61,Female,597_right.jpg
599,65,Male,599_right.jpg
600,50,Male,600_right.jpg
601,50,Female,601_right.jpg
603,66,Female,603_right.jpg
604,56,Female,604_right.jpg
605,52,Male,605_right.jpg
606,54,Male,606_right.jpg
607,59,Male,607_right.jpg
608,55,Male,608_right.jpg
609,60,Female,609_right.jpg
610,59,Female,610_right.jpg
611,73,Male,611_right.jpg
612,54,Male,612_right.jpg
615,60,Male,615_right.jpg
616,45,Female,616_right.jpg
617,62,Male,617_right.jpg
619,56,Female,619_right.jpg
620,55,Male,620_right.jpg
621,59,Female,621_right.jpg
622,62,Male,622_right.jpg
624,56,Female,624_right.jpg
625,72,Female,625_right.jpg
626,58,Male,626_right.jpg
627,58,Female,627_right.jpg
629,73,Female,629_right.jpg
630,66,Female,630_right.jpg
631,61,Male,631_right.jpg
632,58,Male,632_right.jpg
633,38,Male,633_right.jpg
634,68,Female,634_right.jpg
635,29,Female,635_right.jpg
636,61,Female,636_right.jpg
637,50,Female,637_right.jpg
639,56,Female,639_right.jpg
640,57,Male,640_right.jpg
641,47,Male,641_right.jpg
642,38,Male,642_right.jpg
643,73,Female,643_right.jpg
644,69,Male,644_right.jpg
645,43,Male,645_right.jpg
646,64,Female,646_right.jpg
647,64,Male,647_right.jpg
649,62,Male,649_right.jpg
650,59,Male,650_right.jpg
651,58,Male,651_right.jpg
654,34,Male,654_right.jpg
656,72,Male,656_right.jpg
657,46,Male,657_right.jpg
658,64,Male,658_right.jpg
660,69,Female,660_right.jpg
661,66,Female,661_right.jpg
662,70,Male,662_right.jpg
664,34,Male,664_right.jpg
665,54,Male,665_right.jpg
666,60,Female,666_right.jpg
667,55,Male,667_right.jpg
668,67,Male,668_right.jpg
671,65,Male,671_right.jpg
672,68,Male,672_right.jpg
673,45,Male,673_right.jpg
674,64,Female,674_right.jpg
675,56,Male,675_right.jpg
676,52,Male,676_right.jpg
678,54,Male,678_right.jpg
681,56,Male,681_right.jpg
682,65,Female,682_right.jpg
683,46,Female,683_right.jpg
684,60,Female,684_right.jpg
686,37,Male,686_right.jpg
687,52,Male,687_right.jpg
688,60,Female,688_right.jpg
690,62,Male,690_right.jpg
691,68,Female,691_right.jpg
692,45,Female,692_right.jpg
697,56,Female,697_right.jpg
698,65,Male,698_right.jpg
699,68,Male,699_right.jpg
700,60,Male,700_right.jpg
701,60,Male,701_right.jpg
702,65,Female,702_right.jpg
703,63,Female,703_right.jpg
706,44,Female,706_right.jpg
707,59,Female,707_right.jpg
708,57,Male,708_right.jpg
709,57,Male,709_right.jpg
710,56,Female,710_right.jpg
711,62,Female,711_right.jpg
712,62,Male,712_right.jpg
713,49,Male,713_right.jpg
714,65,Male,714_right.jpg
716,49,Female,716_right.jpg
718,52,Male,718_right.jpg
719,59,Female,719_right.jpg
720,58,Male,720_right.jpg
721,55,Male,721_right.jpg
722,64,Male,722_right.jpg
723,53,Female,723_right.jpg
724,60,Male,724_right.jpg
725,37,Female,725_right.jpg
726,60,Female,726_right.jpg
727,43,Male,727_right.jpg
729,52,Male,729_right.jpg
730,59,Male,730_right.jpg
731,58,Male,731_right.jpg
732,54,Male,732_right.jpg
733,60,Female,733_right.jpg
734,74,Male,734_right.jpg
735,77,Male,735_right.jpg
736,29,Male,736_right.jpg
737,41,Male,737_right.jpg
739,63,Male,739_right.jpg
740,56,Male,740_right.jpg
743,56,Female,743_right.jpg
744,65,Female,744_right.jpg
745,70,Female,745_right.jpg
746,59,Male,746_right.jpg
747,49,Male,747_right.jpg
748,63,Female,748_right.jpg
750,56,Male,750_right.jpg
752,56,Male,752_right.jpg
753,55,Female,753_right.jpg
754,64,Male,754_right.jpg
755,69,Female,755_right.jpg
756,65,Female,756_right.jpg
757,58,Female,757_right.jpg
758,51,Female,758_right.jpg
759,58,Female,759_right.jpg
760,56,Female,760_right.jpg
761,56,Female,761_right.jpg
762,56,Male,762_right.jpg
763,59,Male,763_right.jpg
764,35,Female,764_right.jpg
765,70,Female,765_right.jpg
766,64,Male,766_right.jpg
767,61,Female,767_right.jpg
768,65,Female,768_right.jpg
769,58,Female,769_right.jpg
770,53,Male,770_right.jpg
773,56,Male,773_right.jpg
774,70,Female,774_right.jpg
775,60,Male,775_right.jpg
776,54,Female,776_right.jpg
777,68,Female,777_right.jpg
778,53,Female,778_right.jpg
779,59,Male,779_right.jpg
781,65,Female,781_right.jpg
783,68,Female,783_right.jpg
784,67,Male,784_right.jpg
785,76,Female,785_right.jpg
786,52,Female,786_right.jpg
787,60,Female,787_right.jpg
788,48,Male,788_right.jpg
789,65,Female,789_right.jpg
790,61,Male,790_right.jpg
791,36,Male,791_right.jpg
792,59,Female,792_right.jpg
793,66,Female,793_right.jpg
794,62,Female,794_right.jpg
796,64,Male,796_right.jpg
797,66,Male,797_right.jpg
799,54,Male,799_right.jpg
800,62,Male,800_right.jpg
801,63,Male,801_right.jpg
802,46,Male,802_right.jpg
803,59,Male,803_right.jpg
804,62,Female,804_right.jpg
806,63,Male,806_right.jpg
808,48,Male,808_right.jpg
810,57,Female,810_right.jpg
811,72,Female,811_right.jpg
812,59,Female,812_right.jpg
813,65,Male,813_right.jpg
814,76,Male,814_right.jpg
815,56,Female,815_right.jpg
816,64,Male,816_right.jpg
817,53,Male,817_right.jpg
818,52,Male,818_right.jpg
819,60,Female,819_right.jpg
821,60,Female,821_right.jpg
822,59,Male,822_right.jpg
823,63,Female,823_right.jpg
825,59,Male,825_right.jpg
826,60,Female,826_right.jpg
827,49,Female,827_right.jpg
828,63,Female,828_right.jpg
829,68,Male,829_right.jpg
830,50,Male,830_right.jpg
831,54,Male,831_right.jpg
834,47,Female,834_right.jpg
835,58,Female,835_right.jpg
836,54,Male,836_right.jpg
838,67,Male,838_right.jpg
839,62,Male,839_right.jpg
842,60,Female,842_right.jpg
844,43,Female,844_right.jpg
847,56,Female,847_right.jpg
849,60,Female,849_right.jpg
850,68,Male,850_right.jpg
851,71,Male,851_right.jpg
852,67,Female,852_right.jpg
853,30,Male,853_right.jpg
854,74,Male,854_right.jpg
855,55,Female,855_right.jpg
857,63,Male,857_right.jpg
858,25,Male,858_right.jpg
859,61,Male,859_right.jpg
860,62,Female,860_right.jpg
861,55,Male,861_right.jpg
863,47,Male,863_right.jpg
864,71,Female,864_right.jpg
865,61,Male,865_right.jpg
866,51,Male,866_right.jpg
868,55,Female,868_right.jpg
869,40,Male,869_right.jpg
870,69,Male,870_right.jpg
871,70,Female,871_right.jpg
873,66,Male,873_right.jpg
874,60,Female,874_right.jpg
876,71,Male,876_right.jpg
877,75,Female,877_right.jpg
880,70,Male,880_right.jpg
881,56,Female,881_right.jpg
882,68,Male,882_right.jpg
885,54,Male,885_right.jpg
886,65,Female,886_right.jpg
887,63,Female,887_right.jpg
888,56,Male,888_right.jpg
889,58,Female,889_right.jpg
890,48,Female,890_right.jpg
891,59,Female,891_right.jpg
892,68,Male,892_right.jpg
894,54,Male,894_right.jpg
895,63,Female,895_right.jpg
896,57,Female,896_right.jpg
898,77,Female,898_right.jpg
899,54,Female,899_right.jpg
900,64,Male,900_right.jpg
901,57,Male,901_right.jpg
902,70,Female,902_right.jpg
903,72,Male,903_right.jpg
904,66,Female,904_right.jpg
905,60,Male,905_right.jpg
907,74,Male,907_right.jpg
908,74,Female,908_right.jpg
910,62,Male,910_right.jpg
911,60,Female,911_right.jpg
913,61,Female,913_right.jpg
914,61,Female,914_right.jpg
915,50,Male,915_right.jpg
916,45,Female,916_right.jpg
917,60,Male,917_right.jpg
920,26,Female,920_right.jpg
921,57,Male,921_right.jpg
923,49,Male,923_right.jpg
924,72,Female,924_right.jpg
925,43,Female,925_right.jpg
926,44,Female,926_right.jpg
927,66,Male,927_right.jpg
928,45,Female,928_right.jpg
929,55,Male,929_right.jpg
931,65,Male,931_right.jpg
932,63,Female,932_right.jpg
933,69,Male,933_right.jpg
934,72,Female,934_right.jpg
935,66,Female,935_right.jpg
936,52,Male,936_right.jpg
938,76,Male,938_right.jpg
941,59,Male,941_right.jpg
943,64,Male,943_right.jpg
944,72,Male,944_right.jpg
945,44,Male,945_right.jpg
946,60,Male,946_right.jpg
947,44,Female,947_right.jpg
948,65,Male,948_right.jpg
949,49,Male,949_right.jpg
950,48,Female,950_right.jpg
952,76,Female,952_right.jpg
953,46,Male,953_right.jpg
955,75,Male,955_right.jpg
956,66,Female,956_right.jpg
957,45,Male,957_right.jpg
958,52,Male,958_right.jpg
959,63,Female,959_right.jpg
960,55,Male,960_right.jpg
961,72,Male,961_right.jpg
962,68,Female,962_right.jpg
963,63,Female,963_right.jpg
964,71,Male,964_right.jpg
968,68,Female,968_right.jpg
970,56,Female,970_right.jpg
971,56,Male,971_right.jpg
972,53,Male,972_right.jpg
973,70,Male,973_right.jpg
975,66,Female,975_right.jpg
976,78,Male,976_right.jpg
978,59,Male,978_right.jpg
979,56,Male,979_right.jpg
980,51,Male,980_right.jpg
981,80,Male,981_right.jpg
982,65,Male,982_right.jpg
983,63,Male,983_right.jpg
984,69,Female,984_right.jpg
985,56,Male,985_right.jpg
986,68,Female,986_right.jpg
989,54,Female,989_right.jpg
990,41,Female,990_right.jpg
991,56,Male,991_right.jpg
992,53,Female,992_right.jpg
993,69,Male,993_right.jpg
994,65,Female,994_right.jpg
997,63,Female,997_right.jpg
998,36,Male,998_right.jpg
999,56,Female,999_right.jpg
1006,64,Male,1006_right.jpg
1008,65,Male,1008_right.jpg
1010,63,Female,1010_right.jpg
1011,36,Male,1011_right.jpg
1012,56,Female,1012_right.jpg
1013,66,Female,1013_right.jpg
1015,53,Female,1015_right.jpg
1016,62,Female,1016_right.jpg
1020,67,Male,1020_right.jpg
1021,64,Female,1021_right.jpg
1022,37,Male,1022_right.jpg
1023,67,Female,1023_right.jpg
1024,60,Male,1024_right.jpg
1031,53,Male,1031_right.jpg
1032,67,Female,1032_right.jpg
1033,54,Male,1033_right.jpg
1035,53,Male,1035_right.jpg
1036,62,Male,1036_right.jpg
1038,54,Female,1038_right.jpg
1041,71,Female,1041_right.jpg
1043,57,Female,1043_right.jpg
1045,51,Male,1045_right.jpg
1046,55,Male,1046_right.jpg
1048,60,Female,1048_right.jpg
1050,60,Female,1050_right.jpg
1052,71,Female,1052_right.jpg
1053,33,Female,1053_right.jpg
1056,62,Male,1056_right.jpg
1058,28,Female,1058_right.jpg
1062,61,Female,1062_right.jpg
1064,61,Male,1064_right.jpg
1065,75,Male,1065_right.jpg
1068,59,Male,1068_right.jpg
1071,52,Male,1071_right.jpg
1077,79,Female,1077_right.jpg
1079,64,Female,1079_right.jpg
1081,47,Female,1081_right.jpg
1082,48,Male,1082_right.jpg
1083,55,Female,1083_right.jpg
1084,60,Male,1084_right.jpg
1085,32,Male,1085_right.jpg
1086,62,Male,1086_right.jpg
1087,37,Male,1087_right.jpg
1089,56,Female,1089_right.jpg
1091,70,Female,1091_right.jpg
1092,68,Female,1092_right.jpg
1094,49,Male,1094_right.jpg
1096,59,Female,1096_right.jpg
1097,59,Male,1097_right.jpg
1098,66,Male,1098_right.jpg
1099,57,Female,1099_right.jpg
1101,68,Female,1101_right.jpg
1102,56,Male,1102_right.jpg
1103,29,Male,1103_right.jpg
1104,66,Female,1104_right.jpg
1106,64,Male,1106_right.jpg
1109,60,Male,1109_right.jpg
1111,65,Female,1111_right.jpg
1113,56,Female,1113_right.jpg
1116,23,Male,1116_right.jpg
1117,65,Male,1117_right.jpg
1118,47,Female,1118_right.jpg
1120,55,Male,1120_right.jpg
1123,51,Female,1123_right.jpg
1125,37,Female,1125_right.jpg
1126,64,Female,1126_right.jpg
1127,56,Male,1127_right.jpg
1132,56,Male,1132_right.jpg
1136,67,Female,1136_right.jpg
1137,60,Female,1137_right.jpg
1138,46,Male,1138_right.jpg
1140,43,Female,1140_right.jpg
1144,60,Male,1144_right.jpg
1147,65,Female,1147_right.jpg
1148,57,Male,1148_right.jpg
1150,71,Male,1150_right.jpg
1151,60,Male,1151_right.jpg
1152,54,Female,1152_right.jpg
1153,65,Female,1153_right.jpg
1154,43,Female,1154_right.jpg
1156,65,Male,1156_right.jpg
1157,68,Male,1157_right.jpg
1160,69,Female,1160_right.jpg
1162,67,Male,1162_right.jpg
1163,66,Male,1163_right.jpg
1165,44,Male,1165_right.jpg
1166,59,Female,1166_right.jpg
1167,64,Male,1167_right.jpg
1168,67,Female,1168_right.jpg
1170,56,Male,1170_right.jpg
1174,71,Female,1174_right.jpg
1176,65,Female,1176_right.jpg
1196,67,Male,1196_right.jpg
1197,54,Female,1197_right.jpg
1200,55,Female,1200_right.jpg
1202,42,Female,1202_right.jpg
1205,58,Female,1205_right.jpg
1206,54,Male,1206_right.jpg
1208,68,Female,1208_right.jpg
1209,69,Female,1209_right.jpg
1210,62,Male,1210_right.jpg
1211,80,Male,1211_right.jpg
1212,73,Female,1212_right.jpg
1213,76,Male,1213_right.jpg
1214,70,Female,1214_right.jpg
1215,68,Male,1215_right.jpg
1216,45,Male,1216_right.jpg
1217,70,Male,1217_right.jpg
1218,68,Female,1218_right.jpg
1219,72,Female,1219_right.jpg
1220,58,Female,1220_right.jpg
1221,70,Male,1221_right.jpg
1222,59,Male,1222_right.jpg
1225,39,Male,1225_right.jpg
1226,74,Female,1226_right.jpg
1227,62,Female,1227_right.jpg
1228,67,Male,1228_right.jpg
1229,66,Male,1229_right.jpg
1230,52,Male,1230_right.jpg
1231,59,Female,1231_right.jpg
1232,61,Male,1232_right.jpg
1234,66,Female,1234_right.jpg
1236,67,Female,1236_right.jpg
1237,62,Male,1237_right.jpg
1238,45,Male,1238_right.jpg
1239,62,Male,1239_right.jpg
1240,69,Female,1240_right.jpg
1241,64,Female,1241_right.jpg
1243,81,Female,1243_right.jpg
1245,65,Female,1245_right.jpg
1246,70,Female,1246_right.jpg
1247,65,Male,1247_right.jpg
1248,74,Female,1248_right.jpg
1250,54,Male,1250_right.jpg
1251,68,Female,1251_right.jpg
1254,77,Female,1254_right.jpg
1255,33,Male,1255_right.jpg
1256,84,Male,1256_right.jpg
1258,72,Male,1258_right.jpg
1259,56,Male,1259_right.jpg
1260,66,Female,1260_right.jpg
1261,62,Female,1261_right.jpg
1262,70,Female,1262_right.jpg
1263,62,Male,1263_right.jpg
1264,54,Male,1264_right.jpg
1265,75,Male,1265_right.jpg
1266,68,Male,1266_right.jpg
1267,55,Male,1267_right.jpg
1268,56,Female,1268_right.jpg
1269,81,Female,1269_right.jpg
1270,62,Male,1270_right.jpg
1271,59,Female,1271_right.jpg
1272,59,Female,1272_right.jpg
1273,62,Male,1273_right.jpg
1276,63,Male,1276_right.jpg
1277,74,Male,1277_right.jpg
1279,84,Female,1279_right.jpg
1281,61,Male,1281_right.jpg
1282,68,Female,1282_right.jpg
1284,42,Male,1284_right.jpg
1285,62,Female,1285_right.jpg
1286,62,Male,1286_right.jpg
1287,74,Male,1287_right.jpg
1288,63,Male,1288_right.jpg
1289,71,Female,1289_right.jpg
1290,54,Male,1290_right.jpg
1291,63,Male,1291_right.jpg
1294,73,Male,1294_right.jpg
1295,64,Female,1295_right.jpg
1296,60,Female,1296_right.jpg
1297,70,Male,1297_right.jpg
1301,68,Male,1301_right.jpg
1302,49,Female,1302_right.jpg
1303,49,Male,1303_right.jpg
1304,56,Female,1304_right.jpg
1306,72,Male,1306_right.jpg
1307,64,Female,1307_right.jpg
1308,45,Female,1308_right.jpg
1309,49,Male,1309_right.jpg
1310,61,Female,1310_right.jpg
1311,67,Female,1311_right.jpg
1314,43,Female,1314_right.jpg
1318,61,Female,1318_right.jpg
1319,61,Male,1319_right.jpg
1325,76,Female,1325_right.jpg
1327,74,Female,1327_right.jpg
1330,67,Female,1330_right.jpg
1334,69,Male,1334_right.jpg
1344,52,Female,1344_right.jpg
1345,49,Female,1345_right.jpg
1349,73,Male,1349_right.jpg
1351,36,Male,1351_right.jpg
1352,45,Male,1352_right.jpg
1353,63,Male,1353_right.jpg
1362,47,Female,1362_right.jpg
1364,53,Female,1364_right.jpg
1365,67,Female,1365_right.jpg
1366,81,Female,1366_right.jpg
1369,67,Male,1369_right.jpg
1371,81,Male,1371_right.jpg
1373,68,Male,1373_right.jpg
1374,63,Female,1374_right.jpg
1377,64,Female,1377_right.jpg
1378,72,Female,1378_right.jpg
1383,67,Female,1383_right.jpg
1386,67,Female,1386_right.jpg
1388,62,Male,1388_right.jpg
1389,64,Female,1389_right.jpg
1392,80,Female,1392_right.jpg
1393,31,Female,1393_right.jpg
1396,63,Male,1396_right.jpg
1401,60,Female,1401_right.jpg
1402,63,Male,1402_right.jpg
1405,67,Male,1405_right.jpg
1408,69,Male,1408_right.jpg
1409,79,Female,1409_right.jpg
1410,69,Female,1410_right.jpg
1411,79,Female,1411_right.jpg
1412,71,Female,1412_right.jpg
1413,68,Female,1413_right.jpg
1415,81,Female,1415_right.jpg
1416,66,Female,1416_right.jpg
1417,83,Male,1417_right.jpg
1419,67,Female,1419_right.jpg
1420,76,Female,1420_right.jpg
1422,43,Male,1422_right.jpg
1425,70,Female,1425_right.jpg
1426,68,Female,1426_right.jpg
1427,70,Male,1427_right.jpg
1431,73,Male,1431_right.jpg
1433,57,Male,1433_right.jpg
1434,54,Male,1434_right.jpg
1436,65,Female,1436_right.jpg
1440,67,Male,1440_right.jpg
1442,63,Male,1442_right.jpg
1443,57,Male,1443_right.jpg
1453,77,Male,1453_right.jpg
1454,79,Male,1454_right.jpg
1456,81,Male,1456_right.jpg
1458,75,Female,1458_right.jpg
1460,62,Female,1460_right.jpg
1462,71,Male,1462_right.jpg
1463,44,Female,1463_right.jpg
1465,54,Male,1465_right.jpg
1469,51,Female,1469_right.jpg
1470,42,Male,1470_right.jpg
1471,45,Male,1471_right.jpg
1473,57,Male,1473_right.jpg
1474,79,Female,1474_right.jpg
1476,68,Male,1476_right.jpg
1477,71,Female,1477_right.jpg
1480,81,Male,1480_right.jpg
1482,69,Male,1482_right.jpg
1483,69,Female,1483_right.jpg
1484,65,Female,1484_right.jpg
1485,69,Female,1485_right.jpg
1487,56,Female,1487_right.jpg
1488,51,Female,1488_right.jpg
1490,79,Female,1490_right.jpg
1492,54,Male,1492_right.jpg
1495,64,Female,1495_right.jpg
1496,31,Female,1496_right.jpg
1497,54,Male,1497_right.jpg
1503,49,Male,1503_right.jpg
1507,62,Male,1507_right.jpg
1510,56,Male,1510_right.jpg
1513,79,Female,1513_right.jpg
1516,71,Female,1516_right.jpg
1519,68,Female,1519_right.jpg
1520,57,Male,1520_right.jpg
1523,76,Female,1523_right.jpg
1526,74,Female,1526_right.jpg
1527,64,Female,1527_right.jpg
1528,59,Female,1528_right.jpg
1529,57,Male,1529_right.jpg
1530,70,Male,1530_right.jpg
1531,63,Female,1531_right.jpg
1532,62,Female,1532_right.jpg
1533,62,Female,1533_right.jpg
1534,67,Female,1534_right.jpg
1535,45,Male,1535_right.jpg
1536,66,Female,1536_right.jpg
1537,42,Male,1537_right.jpg
1538,49,Female,1538_right.jpg
1539,68,Male,1539_right.jpg
1540,56,Female,1540_right.jpg
1543,30,Female,1543_right.jpg
1544,68,Female,1544_right.jpg
1545,58,Female,1545_right.jpg
1546,53,Male,1546_right.jpg
1547,66,Female,1547_right.jpg
1548,63,Female,1548_right.jpg
1549,78,Female,1549_right.jpg
1550,76,Male,1550_right.jpg
1551,50,Male,1551_right.jpg
1552,67,Male,1552_right.jpg
1553,51,Female,1553_right.jpg
1554,78,Female,1554_right.jpg
1555,71,Male,1555_right.jpg
1557,35,Female,1557_right.jpg
1558,73,Female,1558_right.jpg
1559,56,Female,1559_right.jpg
1560,77,Female,1560_right.jpg
1561,63,Female,1561_right.jpg
1562,62,Female,1562_right.jpg
1563,1,Female,1563_right.jpg
1564,1,Female,1564_right.jpg
1565,1,Female,1565_right.jpg
1566,75,Female,1566_right.jpg
1567,47,Male,1567_right.jpg
1568,1,Female,1568_right.jpg
1569,50,Male,1569_right.jpg
1570,46,Female,1570_right.jpg
1571,65,Male,1571_right.jpg
1572,75,Male,1572_right.jpg
1573,69,Female,1573_right.jpg
1574,73,Female,1574_right.jpg
1576,67,Female,1576_right.jpg
1578,34,Female,1578_right.jpg
1579,57,Female,1579_right.jpg
1580,58,Female,1580_right.jpg
1581,58,Female,1581_right.jpg
1583,1,Female,1583_right.jpg
1584,73,Female,1584_right.jpg
1585,56,Female,1585_right.jpg
1586,60,Female,1586_right.jpg
1588,1,Female,1588_right.jpg
1589,1,Female,1589_right.jpg
1590,1,Female,1590_right.jpg
1591,62,Female,1591_right.jpg
1593,57,Female,1593_right.jpg
1594,65,Female,1594_right.jpg
1595,1,Female,1595_right.jpg
1597,64,Female,1597_right.jpg
1598,60,Female,1598_right.jpg
1599,1,Female,1599_right.jpg
1600,1,Female,1600_right.jpg
1601,73,Female,1601_right.jpg
1602,38,Female,1602_right.jpg
1603,1,Female,1603_right.jpg
1605,54,Male,1605_right.jpg
1606,54,Male,1606_right.jpg
1607,62,Female,1607_right.jpg
1609,58,Female,1609_right.jpg
1612,53,Female,1612_right.jpg
1613,66,Female,1613_right.jpg
1614,56,Female,1614_right.jpg
1615,60,Female,1615_right.jpg
1616,47,Female,1616_right.jpg
1617,1,Female,1617_right.jpg
1618,67,Female,1618_right.jpg
1619,70,Female,1619_right.jpg
1620,62,Male,1620_right.jpg
1621,50,Female,1621_right.jpg
1623,58,Female,1623_right.jpg
1624,71,Female,1624_right.jpg
1626,74,Male,1626_right.jpg
1628,56,Male,1628_right.jpg
1629,50,Female,1629_right.jpg
1630,61,Male,1630_right.jpg
1638,59,Male,1638_right.jpg
1640,45,Male,1640_right.jpg
1642,63,Male,1642_right.jpg
1643,69,Male,1643_right.jpg
1644,63,Female,1644_right.jpg
1647,69,Male,1647_right.jpg
1652,32,Female,1652_right.jpg
1657,50,Female,1657_right.jpg
1659,58,Female,1659_right.jpg
1660,54,Male,1660_right.jpg
1662,68,Male,1662_right.jpg
1664,45,Female,1664_right.jpg
1666,47,Male,1666_right.jpg
1673,73,Male,1673_right.jpg
1674,74,Female,1674_right.jpg
1677,87,Male,1677_right.jpg
1681,70,Male,1681_right.jpg
1683,72,Female,1683_right.jpg
1686,51,Male,1686_right.jpg
1694,52,Male,1694_right.jpg
1706,63,Female,1706_right.jpg
1710,62,Male,1710_right.jpg
1716,66,Male,1716_right.jpg
1718,65,Male,1718_right.jpg
1731,72,Female,1731_right.jpg
1799,72,Female,1799_right.jpg
1801,61,Female,1801_right.jpg
1817,51,Female,1817_right.jpg
1819,80,Male,1819_right.jpg
1820,65,Male,1820_right.jpg
1829,1,Female,1829_right.jpg
1830,54,Female,1830_right.jpg
1831,68,Male,1831_right.jpg
1833,65,Female,1833_right.jpg
1834,60,Female,1834_right.jpg
1835,64,Female,1835_right.jpg
1836,45,Female,1836_right.jpg
1837,49,Male,1837_right.jpg
1838,62,Male,1838_right.jpg
1840,61,Male,1840_right.jpg
1841,68,Male,1841_right.jpg
1843,79,Female,1843_right.jpg
1844,67,Male,1844_right.jpg
1845,55,Male,1845_right.jpg
1846,73,Female,1846_right.jpg
1847,61,Female,1847_right.jpg
1850,65,Female,1850_right.jpg
1853,48,Male,1853_right.jpg
1854,83,Male,1854_right.jpg
1856,84,Female,1856_right.jpg
1857,66,Male,1857_right.jpg
1859,59,Male,1859_right.jpg
1862,67,Female,1862_right.jpg
1864,65,Male,1864_right.jpg
1865,65,Male,1865_right.jpg
1867,64,Male,1867_right.jpg
1868,63,Male,1868_right.jpg
1869,75,Male,1869_right.jpg
1872,63,Male,1872_right.jpg
1873,66,Male,1873_right.jpg
1874,87,Male,1874_right.jpg
1876,62,Male,1876_right.jpg
1877,64,Male,1877_right.jpg
1878,63,Female,1878_right.jpg
1879,68,Male,1879_right.jpg
1880,68,Male,1880_right.jpg
1881,67,Female,1881_right.jpg
1884,78,Female,1884_right.jpg
1885,66,Male,1885_right.jpg
1886,74,Female,1886_right.jpg
1889,45,Male,1889_right.jpg
1891,64,Male,1891_right.jpg
1892,69,Female,1892_right.jpg
1893,67,Female,1893_right.jpg
1919,50,Male,1919_right.jpg
1927,61,Female,1927_right.jpg
1942,52,Male,1942_right.jpg
1959,54,Male,1959_right.jpg
1963,57,Female,1963_right.jpg
1964,54,Female,1964_right.jpg
1965,62,Female,1965_right.jpg
1967,54,Male,1967_right.jpg
1968,52,Male,1968_right.jpg
1970,81,Female,1970_right.jpg
1971,65,Male,1971_right.jpg
1974,65,Male,1974_right.jpg
1977,70,Male,1977_right.jpg
1978,60,Female,1978_right.jpg
1984,74,Male,1984_right.jpg
1985,53,Female,1985_right.jpg
1986,70,Male,1986_right.jpg
1987,70,Female,1987_right.jpg
1989,62,Male,1989_right.jpg
1990,56,Female,1990_right.jpg
1994,67,Male,1994_right.jpg
1999,60,Male,1999_right.jpg
2004,47,Male,2004_right.jpg
2006,44,Male,2006_right.jpg
2030,66,Male,2030_right.jpg
2032,48,Male,2032_right.jpg
2034,63,Male,2034_right.jpg
2041,55,Female,2041_right.jpg
2048,63,Male,2048_right.jpg
2052,62,Male,2052_right.jpg
2053,47,Male,2053_right.jpg
2063,77,Male,2063_right.jpg
2064,56,Female,2064_right.jpg
2065,58,Male,2065_right.jpg
2066,52,Male,2066_right.jpg
2070,50,Male,2070_right.jpg
2074,24,Male,2074_right.jpg
2078,42,Female,2078_right.jpg
2095,76,Female,2095_right.jpg
2096,74,Male,2096_right.jpg
2097,74,Female,2097_right.jpg
2098,75,Female,2098_right.jpg
2099,69,Female,2099_right.jpg
2100,31,Male,2100_right.jpg
2101,62,Male,2101_right.jpg
2102,67,Female,2102_right.jpg
2103,61,Female,2103_right.jpg
2104,74,Male,2104_right.jpg
2105,76,Female,2105_right.jpg
2106,81,Female,2106_right.jpg
2107,78,Male,2107_right.jpg
2108,64,Female,2108_right.jpg
2109,82,Male,2109_right.jpg
2110,70,Female,2110_right.jpg
2111,73,Female,2111_right.jpg
2112,62,Female,2112_right.jpg
2113,52,Female,2113_right.jpg
2114,80,Female,2114_right.jpg
2115,71,Female,2115_right.jpg
2116,81,Female,2116_right.jpg
2117,71,Female,2117_right.jpg
2118,77,Female,2118_right.jpg
2119,91,Male,2119_right.jpg
2120,72,Female,2120_right.jpg
2122,85,Male,2122_right.jpg
2123,47,Male,2123_right.jpg
2124,61,Female,2124_right.jpg
2126,75,Male,2126_right.jpg
2127,70,Male,2127_right.jpg
2128,81,Female,2128_right.jpg
2129,73,Male,2129_right.jpg
2130,54,Male,2130_right.jpg
2133,63,Male,2133_right.jpg
2134,54,Female,2134_right.jpg
2135,71,Female,2135_right.jpg
2137,44,Female,2137_right.jpg
2138,79,Female,2138_right.jpg
2139,71,Male,2139_right.jpg
2140,70,Male,2140_right.jpg
2141,51,Male,2141_right.jpg
2142,75,Female,2142_right.jpg
2143,83,Female,2143_right.jpg
2144,75,Male,2144_right.jpg
2145,73,Female,2145_right.jpg
2146,87,Male,2146_right.jpg
2147,55,Female,2147_right.jpg
2149,73,Female,2149_right.jpg
2150,78,Male,2150_right.jpg
2151,51,Female,2151_right.jpg
2153,54,Male,2153_right.jpg
2155,72,Male,2155_right.jpg
2156,78,Male,2156_right.jpg
2157,80,Female,2157_right.jpg
2158,61,Female,2158_right.jpg
2160,76,Female,2160_right.jpg
2161,59,Male,2161_right.jpg
2162,63,Male,2162_right.jpg
2163,58,Male,2163_right.jpg
2164,67,Male,2164_right.jpg
2165,36,Female,2165_right.jpg
2166,60,Male,2166_right.jpg
2167,75,Female,2167_right.jpg
2168,64,Female,2168_right.jpg
2169,42,Male,2169_right.jpg
2170,35,Male,2170_right.jpg
2173,81,Female,2173_right.jpg
2174,65,Female,2174_right.jpg
2176,82,Female,2176_right.jpg
2177,87,Male,2177_right.jpg
2178,84,Male,2178_right.jpg
2179,70,Female,2179_right.jpg
2180,66,Female,2180_right.jpg
2181,79,Female,2181_right.jpg
2182,70,Male,2182_right.jpg
2183,47,Female,2183_right.jpg
2184,65,Female,2184_right.jpg
2185,72,Female,2185_right.jpg
2187,63,Female,2187_right.jpg
2189,81,Female,2189_right.jpg
2190,84,Female,2190_right.jpg
2191,80,Female,2191_right.jpg
2192,50,Female,2192_right.jpg
2193,50,Female,2193_right.jpg
2194,50,Male,2194_right.jpg
2195,47,Female,2195_right.jpg
2196,69,Female,2196_right.jpg
2197,52,Male,2197_right.jpg
2198,69,Female,2198_right.jpg
2199,69,Female,2199_right.jpg
2200,64,Female,2200_right.jpg
2201,59,Male,2201_right.jpg
2203,59,Female,2203_right.jpg
2204,64,Female,2204_right.jpg
2205,51,Female,2205_right.jpg
2206,65,Female,2206_right.jpg
2207,65,Male,2207_right.jpg
2208,62,Male,2208_right.jpg
2209,80,Male,2209_right.jpg
2210,78,Female,2210_right.jpg
2211,80,Male,2211_right.jpg
2212,82,Male,2212_right.jpg
2213,83,Female,2213_right.jpg
2214,75,Female,2214_right.jpg
2216,38,Male,2216_right.jpg
2217,85,Female,2217_right.jpg
2218,48,Male,2218_right.jpg
2219,68,Female,2219_right.jpg
2220,54,Female,2220_right.jpg
2221,71,Male,2221_right.jpg
2222,45,Female,2222_right.jpg
2223,56,Male,2223_right.jpg
2225,57,Male,2225_right.jpg
2226,52,Female,2226_right.jpg
2227,62,Female,2227_right.jpg
2228,64,Female,2228_right.jpg
2229,59,Female,2229_right.jpg
2230,60,Female,2230_right.jpg
2231,66,Female,2231_right.jpg
2232,75,Male,2232_right.jpg
2233,77,Female,2233_right.jpg
2234,66,Female,2234_right.jpg
2236,72,Female,2236_right.jpg
2237,76,Male,2237_right.jpg
2239,46,Male,2239_right.jpg
2240,64,Male,2240_right.jpg
2242,63,Male,2242_right.jpg
2243,80,Male,2243_right.jpg
2244,76,Male,2244_right.jpg
2246,69,Male,2246_right.jpg
2247,73,Male,2247_right.jpg
2248,74,Female,2248_right.jpg
2251,70,Male,2251_right.jpg
2262,65,Female,2262_right.jpg
2282,64,Male,2282_right.jpg
3932,50,Male,3932_right.jpg
3934,42,Male,3934_right.jpg
3935,45,Male,3935_right.jpg
3936,50,Male,3936_right.jpg
3937,57,Male,3937_right.jpg
3938,59,Female,3938_right.jpg
3939,59,Male,3939_right.jpg
3940,42,Female,3940_right.jpg
3944,38,Female,3944_right.jpg
3945,51,Female,3945_right.jpg
3946,55,Male,3946_right.jpg
3947,62,Male,3947_right.jpg
3948,45,Male,3948_right.jpg
3949,67,Male,3949_right.jpg
3950,78,Male,3950_right.jpg
3951,54,Male,3951_right.jpg
3952,56,Male,3952_right.jpg
3953,50,Male,3953_right.jpg
3955,67,Male,3955_right.jpg
3956,42,Male,3956_right.jpg
3957,73,Male,3957_right.jpg
3958,64,Male,3958_right.jpg
3961,46,Male,3961_right.jpg
3962,54,Female,3962_right.jpg
3965,72,Female,3965_right.jpg
3966,55,Female,3966_right.jpg
3968,75,Female,3968_right.jpg
3969,34,Female,3969_right.jpg
3970,59,Female,3970_right.jpg
3971,64,Female,3971_right.jpg
3972,66,Male,3972_right.jpg
3973,45,Female,3973_right.jpg
3976,37,Male,3976_right.jpg
3978,36,Male,3978_right.jpg
3979,54,Male,3979_right.jpg
3980,42,Male,3980_right.jpg
3981,69,Female,3981_right.jpg
3982,52,Male,3982_right.jpg
3983,60,Female,3983_right.jpg
3985,48,Female,3985_right.jpg
3986,69,Female,3986_right.jpg
3987,52,Male,3987_right.jpg
3990,54,Male,3990_right.jpg
3991,69,Female,3991_right.jpg
3992,63,Male,3992_right.jpg
3993,52,Male,3993_right.jpg
3994,70,Female,3994_right.jpg
3995,45,Male,3995_right.jpg
3996,44,Female,3996_right.jpg
3997,58,Female,3997_right.jpg
4001,69,Female,4001_right.jpg
4002,67,Male,4002_right.jpg
4003,50,Male,4003_right.jpg
4005,62,Female,4005_right.jpg
4007,71,Male,4007_right.jpg
4008,52,Male,4008_right.jpg
4009,60,Male,4009_right.jpg
4011,64,Male,4011_right.jpg
4012,56,Female,4012_right.jpg
4013,46,Male,4013_right.jpg
4014,60,Female,4014_right.jpg
4015,65,Female,4015_right.jpg
4018,67,Male,4018_right.jpg
4021,52,Male,4021_right.jpg
4022,46,Female,4022_right.jpg
4023,65,Male,4023_right.jpg
4024,63,Female,4024_right.jpg
4025,34,Male,4025_right.jpg
4026,55,Male,4026_right.jpg
4027,67,Female,4027_right.jpg
4028,77,Male,4028_right.jpg
4029,36,Female,4029_right.jpg
4030,49,Female,4030_right.jpg
4032,57,Male,4032_right.jpg
4033,45,Male,4033_right.jpg
4034,41,Female,4034_right.jpg
4035,58,Male,4035_right.jpg
4036,56,Male,4036_right.jpg
4037,58,Male,4037_right.jpg
4038,75,Female,4038_right.jpg
4039,58,Female,4039_right.jpg
4040,63,Male,4040_right.jpg
4041,57,Female,4041_right.jpg
4043,64,Male,4043_right.jpg
4044,62,Male,4044_right.jpg
4045,68,Female,4045_right.jpg
4046,45,Male,4046_right.jpg
4047,18,Female,4047_right.jpg
4048,54,Female,4048_right.jpg
4049,40,Male,4049_right.jpg
4050,62,Male,4050_right.jpg
4051,61,Female,4051_right.jpg
4053,58,Male,4053_right.jpg
4054,63,Male,4054_right.jpg
4055,61,Male,4055_right.jpg
4056,52,Female,4056_right.jpg
4057,42,Male,4057_right.jpg
4058,61,Male,4058_right.jpg
4059,69,Male,4059_right.jpg
4060,57,Male,4060_right.jpg
4061,59,Female,4061_right.jpg
4064,46,Male,4064_right.jpg
4066,80,Female,4066_right.jpg
4068,58,Male,4068_right.jpg
4069,55,Male,4069_right.jpg
4071,51,Male,4071_right.jpg
4072,60,Female,4072_right.jpg
4073,52,Male,4073_right.jpg
4076,75,Female,4076_right.jpg
4077,45,Female,4077_right.jpg
4078,64,Female,4078_right.jpg
4079,54,Female,4079_right.jpg
4080,44,Male,4080_right.jpg
4081,37,Female,4081_right.jpg
4083,60,Male,4083_right.jpg
4084,49,Female,4084_right.jpg
4085,66,Male,4085_right.jpg
4086,64,Male,4086_right.jpg
4087,57,Male,4087_right.jpg
4088,42,Female,4088_right.jpg
4089,58,Female,4089_right.jpg
4090,68,Female,4090_right.jpg
4091,75,Male,4091_right.jpg
4093,55,Male,4093_right.jpg
4094,65,Female,4094_right.jpg
4095,67,Male,4095_right.jpg
4096,61,Female,4096_right.jpg
4097,50,Female,4097_right.jpg
4098,57,Female,4098_right.jpg
4099,37,Female,4099_right.jpg
4100,60,Female,4100_right.jpg
4102,54,Female,4102_right.jpg
4104,50,Male,4104_right.jpg
4105,46,Female,4105_right.jpg
4106,54,Female,4106_right.jpg
4107,48,Male,4107_right.jpg
4109,56,Male,4109_right.jpg
4110,67,Male,4110_right.jpg
4111,70,Male,4111_right.jpg
4112,60,Male,4112_right.jpg
4113,50,Male,4113_right.jpg
4116,45,Male,4116_right.jpg
4117,63,Female,4117_right.jpg
4118,50,Female,4118_right.jpg
4119,41,Male,4119_right.jpg
4120,61,Male,4120_right.jpg
4121,53,Male,4121_right.jpg
4122,34,Female,4122_right.jpg
4124,43,Male,4124_right.jpg
4125,54,Male,4125_right.jpg
4126,64,Male,4126_right.jpg
4127,57,Female,4127_right.jpg
4129,57,Female,4129_right.jpg
4130,58,Female,4130_right.jpg
4131,56,Female,4131_right.jpg
4133,60,Male,4133_right.jpg
4134,57,Male,4134_right.jpg
4136,61,Male,4136_right.jpg
4137,48,Male,4137_right.jpg
4138,49,Male,4138_right.jpg
4140,29,Male,4140_right.jpg
4141,70,Female,4141_right.jpg
4142,54,Male,4142_right.jpg
4144,50,Female,4144_right.jpg
4146,57,Female,4146_right.jpg
4147,30,Male,4147_right.jpg
4148,48,Female,4148_right.jpg
4151,54,Female,4151_right.jpg
4152,66,Female,4152_right.jpg
4153,64,Female,4153_right.jpg
4154,63,Female,4154_right.jpg
4155,38,Female,4155_right.jpg
4158,52,Male,4158_right.jpg
4160,51,Male,4160_right.jpg
4161,55,Female,4161_right.jpg
4162,50,Female,4162_right.jpg
4164,45,Male,4164_right.jpg
4166,36,Male,4166_right.jpg
4167,54,Male,4167_right.jpg
4168,65,Female,4168_right.jpg
4169,48,Male,4169_right.jpg
4171,62,Female,4171_right.jpg
4173,70,Male,4173_right.jpg
4174,66,Female,4174_right.jpg
4175,38,Male,4175_right.jpg
4176,52,Female,4176_right.jpg
4177,56,Male,4177_right.jpg
4178,27,Female,4178_right.jpg
4179,45,Male,4179_right.jpg
4180,63,Male,4180_right.jpg
4181,62,Female,4181_right.jpg
4183,65,Male,4183_right.jpg
4184,57,Male,4184_right.jpg
4185,65,Female,4185_right.jpg
4186,46,Male,4186_right.jpg
4188,46,Male,4188_right.jpg
4190,48,Male,4190_right.jpg
4191,61,Female,4191_right.jpg
4192,65,Female,4192_right.jpg
4193,53,Female,4193_right.jpg
4195,56,Male,4195_right.jpg
4196,62,Male,4196_right.jpg
4197,41,Female,4197_right.jpg
4198,58,Female,4198_right.jpg
4199,67,Female,4199_right.jpg
4200,66,Female,4200_right.jpg
4201,45,Female,4201_right.jpg
4202,61,Female,4202_right.jpg
4203,66,Female,4203_right.jpg
4204,47,Female,4204_right.jpg
4205,46,Female,4205_right.jpg
4207,66,Female,4207_right.jpg
4208,47,Male,4208_right.jpg
4209,62,Female,4209_right.jpg
4210,62,Female,4210_right.jpg
4211,45,Female,4211_right.jpg
4212,56,Female,4212_right.jpg
4213,52,Female,4213_right.jpg
4214,45,Male,4214_right.jpg
4215,66,Male,4215_right.jpg
4216,49,Female,4216_right.jpg
4217,39,Male,4217_right.jpg
4218,45,Male,4218_right.jpg
4219,63,Male,4219_right.jpg
4220,55,Female,4220_right.jpg
4221,65,Male,4221_right.jpg
4222,38,Male,4222_right.jpg
4223,65,Male,4223_right.jpg
4224,52,Female,4224_right.jpg
4225,53,Male,4225_right.jpg
4226,56,Female,4226_right.jpg
4227,66,Male,4227_right.jpg
4229,64,Male,4229_right.jpg
4230,67,Male,4230_right.jpg
4231,59,Female,4231_right.jpg
4232,26,Female,4232_right.jpg
4233,60,Female,4233_right.jpg
4234,43,Male,4234_right.jpg
4235,69,Female,4235_right.jpg
4236,48,Male,4236_right.jpg
4238,69,Female,4238_right.jpg
4240,50,Female,4240_right.jpg
4241,57,Male,4241_right.jpg
4242,62,Male,4242_right.jpg
4243,56,Female,4243_right.jpg
4244,73,Male,4244_right.jpg
4245,56,Male,4245_right.jpg
4246,56,Female,4246_right.jpg
4247,56,Female,4247_right.jpg
4249,66,Female,4249_right.jpg
4250,53,Female,4250_right.jpg
4252,58,Male,4252_right.jpg
4253,58,Male,4253_right.jpg
4254,34,Male,4254_right.jpg
4255,75,Male,4255_right.jpg
4258,41,Female,4258_right.jpg
4259,32,Male,4259_right.jpg
4260,46,Male,4260_right.jpg
4261,35,Male,4261_right.jpg
4262,60,Male,4262_right.jpg
4263,49,Female,4263_right.jpg
4265,65,Male,4265_right.jpg
4266,48,Male,4266_right.jpg
4267,64,Female,4267_right.jpg
4268,50,Male,4268_right.jpg
4270,53,Female,4270_right.jpg
4271,54,Female,4271_right.jpg
4273,32,Female,4273_right.jpg
4277,64,Male,4277_right.jpg
4278,54,Male,4278_right.jpg
4279,47,Male,4279_right.jpg
4280,74,Female,4280_right.jpg
4281,60,Male,4281_right.jpg
4282,56,Female,4282_right.jpg
4283,61,Male,4283_right.jpg
4284,44,Male,4284_right.jpg
4285,44,Male,4285_right.jpg
4286,53,Male,4286_right.jpg
4287,54,Male,4287_right.jpg
4288,69,Female,4288_right.jpg
4289,46,Male,4289_right.jpg
4291,23,Male,4291_right.jpg
4292,67,Male,4292_right.jpg
4293,48,Female,4293_right.jpg
4294,57,Female,4294_right.jpg
4295,67,Female,4295_right.jpg
4296,61,Female,4296_right.jpg
4297,67,Female,4297_right.jpg
4298,59,Male,4298_right.jpg
4299,52,Female,4299_right.jpg
4300,49,Female,4300_right.jpg
4301,47,Female,4301_right.jpg
4303,50,Male,4303_right.jpg
4304,70,Female,4304_right.jpg
4305,42,Male,4305_right.jpg
4306,70,Male,4306_right.jpg
4307,57,Male,4307_right.jpg
4308,48,Male,4308_right.jpg
4309,43,Male,4309_right.jpg
4310,56,Male,4310_right.jpg
4311,67,Female,4311_right.jpg
4312,54,Male,4312_right.jpg
4313,45,Female,4313_right.jpg
4314,64,Female,4314_right.jpg
4315,54,Male,4315_right.jpg
4316,36,Male,4316_right.jpg
4317,64,Male,4317_right.jpg
4318,55,Male,4318_right.jpg
4319,69,Male,4319_right.jpg
4320,56,Male,4320_right.jpg
4321,53,Male,4321_right.jpg
4323,69,Male,4323_right.jpg
4324,53,Male,4324_right.jpg
4325,60,Male,4325_right.jpg
4326,66,Female,4326_right.jpg
4327,49,Male,4327_right.jpg
4329,58,Male,4329_right.jpg
4330,57,Female,4330_right.jpg
4331,75,Male,4331_right.jpg
4332,43,Male,4332_right.jpg
4333,42,Male,4333_right.jpg
4334,49,Male,4334_right.jpg
4336,54,Male,4336_right.jpg
4337,59,Female,4337_right.jpg
4340,49,Male,4340_right.jpg
4341,50,Male,4341_right.jpg
4342,59,Male,4342_right.jpg
4343,45,Male,4343_right.jpg
4344,46,Male,4344_right.jpg
4345,45,Male,4345_right.jpg
4347,60,Female,4347_right.jpg
4348,48,Female,4348_right.jpg
4349,46,Male,4349_right.jpg
4350,51,Female,4350_right.jpg
4352,60,Female,4352_right.jpg
4353,47,Male,4353_right.jpg
4355,52,Male,4355_right.jpg
4356,44,Female,4356_right.jpg
4357,68,Female,4357_right.jpg
4358,34,Male,4358_right.jpg
4359,51,Male,4359_right.jpg
4360,54,Female,4360_right.jpg
4361,62,Female,4361_right.jpg
4364,64,Female,4364_right.jpg
4365,62,Female,4365_right.jpg
4366,52,Female,4366_right.jpg
4367,43,Female,4367_right.jpg
4368,38,Male,4368_right.jpg
4369,42,Female,4369_right.jpg
4371,58,Female,4371_right.jpg
4372,65,Male,4372_right.jpg
4373,65,Female,4373_right.jpg
4374,58,Female,4374_right.jpg
4375,57,Female,4375_right.jpg
4377,54,Female,4377_right.jpg
4379,59,Female,4379_right.jpg
4380,46,Male,4380_right.jpg
4381,56,Male,4381_right.jpg
4383,56,Female,4383_right.jpg
4384,58,Female,4384_right.jpg
4385,63,Female,4385_right.jpg
4386,54,Female,4386_right.jpg
4387,47,Female,4387_right.jpg
4388,50,Female,4388_right.jpg
4391,47,Male,4391_right.jpg
4392,17,Male,4392_right.jpg
4393,50,Male,4393_right.jpg
4394,56,Male,4394_right.jpg
4396,47,Male,4396_right.jpg
4397,46,Male,4397_right.jpg
4398,59,Male,4398_right.jpg
4399,62,Male,4399_right.jpg
4400,59,Male,4400_right.jpg
4401,78,Male,4401_right.jpg
4402,64,Male,4402_right.jpg
4403,56,Male,4403_right.jpg
4404,56,Male,4404_right.jpg
4406,63,Male,4406_right.jpg
4407,54,Male,4407_right.jpg
4410,45,Male,4410_right.jpg
4412,65,Male,4412_right.jpg
4413,58,Male,4413_right.jpg
4414,73,Female,4414_right.jpg
4417,52,Male,4417_right.jpg
4418,45,Male,4418_right.jpg
4419,65,Male,4419_right.jpg
4420,34,Female,4420_right.jpg
4421,59,Male,4421_right.jpg
4422,68,Female,4422_right.jpg
4424,41,Male,4424_right.jpg
4425,33,Female,4425_right.jpg
4427,43,Male,4427_right.jpg
4429,31,Male,4429_right.jpg
4430,75,Female,4430_right.jpg
4431,50,Male,4431_right.jpg
4432,49,Male,4432_right.jpg
4433,56,Female,4433_right.jpg
4435,67,Male,4435_right.jpg
4436,49,Female,4436_right.jpg
4438,56,Male,4438_right.jpg
4439,47,Male,4439_right.jpg
4440,60,Male,4440_right.jpg
4441,62,Male,4441_right.jpg
4442,62,Female,4442_right.jpg
4443,49,Female,4443_right.jpg
4444,61,Male,4444_right.jpg
4445,35,Male,4445_right.jpg
4447,42,Female,4447_right.jpg
4448,50,Male,4448_right.jpg
4449,45,Male,4449_right.jpg
4450,53,Male,4450_right.jpg
4451,37,Male,4451_right.jpg
4456,54,Female,4456_right.jpg
4459,50,Female,4459_right.jpg
4460,58,Male,4460_right.jpg
4461,57,Male,4461_right.jpg
4462,44,Male,4462_right.jpg
4464,51,Male,4464_right.jpg
4465,45,Female,4465_right.jpg
4466,59,Male,4466_right.jpg
4467,65,Female,4467_right.jpg
4468,65,Male,4468_right.jpg
4469,52,Male,4469_right.jpg
4470,43,Female,4470_right.jpg
4471,53,Female,4471_right.jpg
4472,66,Male,4472_right.jpg
4473,53,Female,4473_right.jpg
4474,53,Male,4474_right.jpg
4475,66,Male,4475_right.jpg
4477,53,Male,4477_right.jpg
4478,51,Male,4478_right.jpg
4479,55,Male,4479_right.jpg
4480,63,Female,4480_right.jpg
4481,51,Female,4481_right.jpg
4484,46,Female,4484_right.jpg
4485,49,Female,4485_right.jpg
4486,78,Female,4486_right.jpg
4487,55,Female,4487_right.jpg
4488,45,Male,4488_right.jpg
4489,54,Female,4489_right.jpg
4491,43,Female,4491_right.jpg
4492,56,Male,4492_right.jpg
4493,39,Female,4493_right.jpg
4494,60,Male,4494_right.jpg
4495,58,Female,4495_right.jpg
4496,53,Female,4496_right.jpg
4497,52,Male,4497_right.jpg
4498,40,Male,4498_right.jpg
4499,46,Male,4499_right.jpg
4500,67,Female,4500_right.jpg
4501,62,Female,4501_right.jpg
4502,48,Male,4502_right.jpg
4504,62,Female,4504_right.jpg
4507,70,Female,4507_right.jpg
4508,53,Female,4508_right.jpg
4509,57,Male,4509_right.jpg
4511,39,Female,4511_right.jpg
4512,55,Male,4512_right.jpg
4513,54,Male,4513_right.jpg
4515,61,Male,4515_right.jpg
4516,73,Female,4516_right.jpg
4519,54,Female,4519_right.jpg
4520,60,Female,4520_right.jpg
4522,67,Male,4522_right.jpg
4523,59,Male,4523_right.jpg
4524,73,Female,4524_right.jpg
4525,48,Male,4525_right.jpg
4529,52,Female,4529_right.jpg
4530,43,Male,4530_right.jpg
4531,48,Male,4531_right.jpg
4532,60,Male,4532_right.jpg
4533,49,Male,4533_right.jpg
4534,56,Male,4534_right.jpg
4535,59,Male,4535_right.jpg
4536,60,Female,4536_right.jpg
4538,44,Male,4538_right.jpg
4539,42,Female,4539_right.jpg
4540,43,Male,4540_right.jpg
4541,65,Female,4541_right.jpg
4542,54,Male,4542_right.jpg
4545,60,Male,4545_right.jpg
4546,71,Female,4546_right.jpg
4547,49,Female,4547_right.jpg
4549,45,Female,4549_right.jpg
4550,51,Male,4550_right.jpg
4552,57,Female,4552_right.jpg
4553,62,Female,4553_right.jpg
4555,45,Male,4555_right.jpg
4557,53,Female,4557_right.jpg
4558,55,Male,4558_right.jpg
4559,44,Male,4559_right.jpg
4560,65,Female,4560_right.jpg
4561,61,Female,4561_right.jpg
4562,70,Female,4562_right.jpg
4564,50,Male,4564_right.jpg
4565,65,Male,4565_right.jpg
4566,53,Female,4566_right.jpg
4567,42,Female,4567_right.jpg
4568,54,Male,4568_right.jpg
4570,55,Male,4570_right.jpg
4572,54,Female,4572_right.jpg
4573,44,Male,4573_right.jpg
4574,50,Male,4574_right.jpg
4575,40,Male,4575_right.jpg
4576,50,Female,4576_right.jpg
4577,71,Male,4577_right.jpg
4578,54,Female,4578_right.jpg
4579,58,Male,4579_right.jpg
4580,68,Male,4580_right.jpg
4581,43,Male,4581_right.jpg
4582,63,Female,4582_right.jpg
4584,42,Male,4584_right.jpg
4585,54,Female,4585_right.jpg
4587,67,Male,4587_right.jpg
4588,64,Female,4588_right.jpg
4591,65,Male,4591_right.jpg
4592,58,Male,4592_right.jpg
4593,65,Male,4593_right.jpg
4594,66,Female,4594_right.jpg
4595,58,Male,4595_right.jpg
4596,30,Female,4596_right.jpg
4597,54,Female,4597_right.jpg
4598,64,Male,4598_right.jpg
4599,39,Female,4599_right.jpg
4600,51,Male,4600_right.jpg
4601,36,Male,4601_right.jpg
4603,47,Female,4603_right.jpg
4604,72,Female,4604_right.jpg
4605,36,Female,4605_right.jpg
4607,53,Male,4607_right.jpg
4608,50,Female,4608_right.jpg
4609,46,Male,4609_right.jpg
4610,43,Female,4610_right.jpg
4611,66,Male,4611_right.jpg
4612,55,Female,4612_right.jpg
4613,63,Male,4613_right.jpg
4614,58,Male,4614_right.jpg
4615,64,Female,4615_right.jpg
4616,50,Male,4616_right.jpg
4617,57,Male,4617_right.jpg
4618,58,Male,4618_right.jpg
4619,34,Male,4619_right.jpg
4620,52,Female,4620_right.jpg
4621,67,Male,4621_right.jpg
4622,73,Male,4622_right.jpg
4623,55,Male,4623_right.jpg
4624,60,Male,4624_right.jpg
4625,70,Female,4625_right.jpg
4627,63,Female,4627_right.jpg
4628,47,Female,4628_right.jpg
4629,53,Male,4629_right.jpg
4630,52,Male,4630_right.jpg
4631,46,Male,4631_right.jpg
4632,46,Male,4632_right.jpg
4633,66,Male,4633_right.jpg
4634,64,Female,4634_right.jpg
4635,46,Female,4635_right.jpg
4636,54,Male,4636_right.jpg
4639,60,Female,4639_right.jpg
4640,69,Male,4640_right.jpg
4641,56,Male,4641_right.jpg
4643,65,Female,4643_right.jpg
4645,45,Male,4645_right.jpg
4647,52,Male,4647_right.jpg
4650,72,Male,4650_right.jpg
4651,41,Male,4651_right.jpg
4653,68,Male,4653_right.jpg
4655,65,Male,4655_right.jpg
4657,49,Male,4657_right.jpg
4658,58,Male,4658_right.jpg
4664,63,Male,4664_right.jpg
4669,70,Male,4669_right.jpg
4670,55,Male,4670_right.jpg
4672,65,Male,4672_right.jpg
4673,85,Male,4673_right.jpg
4675,53,Male,4675_right.jpg
4676,55,Male,4676_right.jpg
4677,38,Male,4677_right.jpg
4678,54,Male,4678_right.jpg
4679,69,Male,4679_right.jpg
4682,45,Male,4682_right.jpg
4683,58,Male,4683_right.jpg
4686,63,Male,4686_right.jpg
4688,42,Male,4688_right.jpg
4690,57,Male,4690_right.jpg
4784,58,Male,4784_right.jpg
